kind,canonical_id,title,authors,source,venue_or_site,published_date,url,excerpt,query,band,relevancy_score,reason,retrieved_at
paper,doi:10.1007/s12046-014-0304-z,Contextual snowflake modelling for pattern warehouse logical design,"Vivek Tiwari, Ramjeevan Singh Thakur",openalex,Sadhana,2015-01-23,https://doi.org/10.1007/s12046-014-0304-z,,Warehouse design patterns,direct,100,Matches the user's domain and research interests,2026-10-04T19:33:59Z
paper,url:http://aisel.aisnet.org/mwais2011/17,Improving the Data Warehouse Architecture Using Design Patterns,"Weiwen Yang, Yanzhen Qu, Richard E. Fairley",openalex,Journal of the Association for Information Systems,2011-01-01,http://aisel.aisnet.org/mwais2011/17,"Data warehousing is an important part of the enterprise information system. Business intelligence (BI) relies on data warehouses to improve business performance. Data quality plays a key role in BI. Source data is extracted, transformed, and loaded (ETL) into the data warehouses periodically. The ETL operations have the most crucial impact on the data quality of the data warehouse. ETL-related dat",Warehouse design patterns,direct,100,Matches the user's domain and research interests,2026-10-04T19:33:59Z
paper,doi:10.15662/ijrai.2026.0903020,AI-Ready Data Lakehouse Architecture for Banking and Financial Services,Praveen Kumar Aaviti,openalex,International Journal of Research and Applied Innovations,2026-06-15,https://doi.org/10.15662/ijrai.2026.0903020,"The recent stepped-up digitalization of banking and financial services has merely hugely accelerated the flow, the kinds and volumes of ordered, semi-structured, and unstructured data generated in transactional systems, customer relations, regulatory surroundings and the external financial ecosystems. Aging data warehousing systems and silo-based systems may not be able to offer the desired scalab",ML-ready analytics architectures,direct,100,Matches the user's domain and research interests,2026-10-04T19:33:59Z
paper,doi:10.2139/ssrn.5054767,Optimizing Real-Time ETL Pipelines Using Machine Learning Techniques,Nikhil Joshi,openalex,SSRN Electronic Journal,2025-01-01,https://doi.org/10.2139/ssrn.5054767,,ETL pipeline optimization techniques,direct,100,Matches the user's domain and research interests,2026-10-04T19:33:59Z
paper,doi:10.22214/ijraset.2022.45880,To Build and Optimize ETL Pipeline,Prakhat Kant Kushwaha,openalex,International Journal for Research in Applied Science and Engineering Technology,2022-07-25,https://doi.org/10.22214/ijraset.2022.45880,"Abstract: As the world is getting digitized the speed in which the amount of data is over owing from different sources in different format,there is a need for an Environment for better processing and optimization of Data also called as Big Data.Building and optimization of ETL pipeline facilitates the loading and refreshment of Data warehouse contents which is required by other Teams for Predictio",ETL pipeline optimization techniques,direct,100,Matches the user's domain and research interests,2026-10-04T19:33:59Z
paper,doi:10.58812/esiscs.v1i02.844,Reinforcement Learning to Optimize ETL Pipelines,Koteswara Rao Chirumamilla,openalex,The Eastasouth Journal of Information System and Computer Science,2023-12-31,https://doi.org/10.58812/esiscs.v1i02.844,"Extract–Transform–Load (ETL) pipelines remain a critical component of enterprise data infrastructure, supporting analytics, reporting, and machine learning by preparing raw data for downstream consumption. As organizations scale, these pipelines must process increasingly diverse datasets while adapting to shifting workloads, irregular input patterns, and evolving business requirements. Conventiona",ETL pipeline optimization techniques,direct,100,Matches the user's domain and research interests,2026-10-04T19:33:59Z
paper,doi:10.30537/sjcms.v7i2.1338,Towards a Trustworthy and Efficient ETL Pipeline for ATM Transaction Data,"Muhammad Ashfaq, Nimra Haq, U. Arshad, M. Farooq, Shuja ur Rehman Rehman",semantic_scholar,Sukkur IBA Journal of Computing and Mathematical Sciences,2024-01-18,https://www.semanticscholar.org/paper/9c2ae58d18006ec8bedd4563082e2d59b9a9bc34,"ATMs generate vast amounts of data daily, which needs to be analyzed and stored. Dealing with this data, also termed big data, is a complex task, and here comes the role of ETL pipelines. ETL pipelines need extensive resources for operations, and their performance optimization is necessary as data must be dealt with in near or even real-time. If the pipeline deals with financial data such as ATM t",ETL pipeline optimization techniques,direct,100,Matches the user's domain and research interests,2026-10-04T19:33:59Z
paper,doi:10.15680/ijctece.2024.0704019,Observability-Driven Reliability Engineering for Distributed Data Platforms,Karthikeyan Selvarajan,openalex,International Journal of Computer Technology and Electronics Communication,2024-08-22,https://doi.org/10.15680/ijctece.2024.0704019,"Reliability has emerged as an important project of data processing, streaming, and mission-critical analytics workloads in cloud-native environments and is supported by distributed data platforms. Nonetheless, detection, diagnostics, and prevention of service degradation by a distributed architecture have proven hard due to the heterogeneous and dynamic nature of distributed architectures. To offe",Data platform reliability metrics,direct,97,Matches the user's domain and research interests,2026-10-04T19:33:59Z
paper,arxiv:1905.12411,Designing and Implementing Data Warehouse for Agricultural Big Data,"Vuong M. Ngo, Nhien-An Le-Khac, M-Tahar Kechadi",arxiv,arXiv,2019-05-29,https://arxiv.org/pdf/1905.12411v1,"In recent years, precision agriculture that uses modern information and communication technologies is becoming very popular. Raw and semi-processed agricultural data are usually collected through various sources, such as: Internet of Thing (IoT), sensors, satellites, weather stations, robots, farm equipment, farmers and agribusinesses, etc. Besides, agricultural datasets are very large, complex, u",Warehouse design patterns,direct,97,Matches the user's domain and research interests,2026-10-04T19:33:59Z
paper,doi:10.15662/ijrpetm.2026.0904004,SRE-Driven Reliability Framework for Enterprise Data Platforms,Praveen Kumar Aaviti,openalex,International Journal of Research Publications in Engineering Technology and Management,2026-08-12,https://doi.org/10.15662/ijrpetm.2026.0904004,"Business data platforms, which exist today, can enable major business processes through the use of massive data streams, analytics platforms, dashboards, reports and products derived through big data. The growing amounts of data, distributed architecture and even intricate dependencies have however rendered it difficult to ensure that there is a consistent reliability and operational stability. Th",Data platform reliability metrics,direct,96,Matches the user's domain and research interests,2026-10-04T19:33:59Z
paper,arxiv:1807.00035,An Efficient Data Warehouse for Crop Yield Prediction,"Vuong M. Ngo, Nhien-An Le-Khac, M-Tahar Kechadi",arxiv,arXiv,2018-06-26,https://arxiv.org/pdf/1807.00035v1,"Nowadays, precision agriculture combined with modern information and communications technologies, is becoming more common in agricultural activities such as automated irrigation systems, precision planting, variable rate applications of nutrients and pesticides, and agricultural decision support systems. In the latter, crop management data analysis, based on machine learning and data mining, focus",Warehouse design patterns,direct,93,Matches the user's domain and research interests,2026-10-04T19:33:59Z
paper,doi:10.1109/csitss64042.2024.10816740,Prediction of Customer Purchasing Patterns for Retail Optimization Using Market Basket Techniques,"Zaiba Farheen, Andhe Dharani",semantic_scholar,2024 8th International Conference on Computational System and Information Technology for Sustainable Solutions (CSITSS),2024-11-07,https://www.semanticscholar.org/paper/9acb8c115bb939bf7eff5ccc31842bd92180438c,"This paper addresses the critical task of assessing customer purchasing behaviour in retail, which directly impacts marketing strategies and inventory management. The paper presents a data processing and analysis pipeline specifically designed for market basket analysis and association rule mining. Utilizing the Apriori algorithm, our system identifies frequent itemsets and association rules, reve",ETL pipeline optimization techniques,direct,77,Matches the user's domain and research interests,2026-10-04T19:33:59Z
paper,doi:10.63282/3050-9262.ijaidsml-v3i1p113,Architectural Advancements for AI/ML-Driven TV Audience Analytics and Intelligent Viewership Characterization,Dilliraja Sundar,openalex,International Journal of Artificial Intelligence Data Science and Machine Learning,2022-01-01,https://doi.org/10.63282/3050-9262.ijaidsml-v3i1p113,"The rapid proliferation of smart televisions, over-the-top (OTT) platforms, and multi-device media consumption has fundamentally transformed how television audiences are measured and understood. Traditional panel-based audience measurement systems struggle to capture the scale, granularity, and temporal dynamics of modern viewership behavior. This paper presents Architectural Advancements for AI/M",ML-ready analytics architectures,adjacent,72,Neighboring topic that is not the stated focus,2026-10-04T19:33:59Z
paper,url:https://en.cnki.com.cn/Article_en/CJFDTotal-DNZS201227004.htm,The Design and Application of Strategy Pattern in Warehouse Management System,Huang Xiu-juan,openalex,Computer Knowledge and Technology,2012-01-01,https://en.cnki.com.cn/Article_en/CJFDTotal-DNZS201227004.htm,"Combined with the design,development,the specific implementation process with management experience of many warehouse management systems,and the design and development of Changzhou Aisuo-company,this article presents the basic data maintenance strategy design pattern.This design pattern solved the code duplication,maintenance of the problem of low effi ciency in Warehouse management system.So we c",Warehouse design patterns,adjacent,51,Neighboring topic that is not the stated focus,2026-10-04T19:33:59Z
paper,arxiv:2609.17842,Lexara-RF: Reference-Free Metrics for Evaluating Conversational Visual Analytics Agents,"Srishti Palani, Vidya Setlur",arxiv,arXiv,2026-09-15,https://arxiv.org/pdf/2609.17842v1,"Conversational visual analytics (CVA) agents powered by large language models generate visualizations and natural-language explanations from open-ended queries. Evaluating these multimodal outputs is challenging: curated reference benchmarks are costly to author, cannot comprehensively capture the space of valid responses, and are unavailable in production. Building on the Lexara evaluation framew",ML-ready analytics architectures,adjacent,51,Neighboring topic that is not the stated focus,2026-10-04T19:33:59Z
blog,url:https://www.domo.com/learn/article/cloud-data-platform,"Cloud Data Platform Guide: Vendors, Features & Trends",,www.domo.com,,,https://www.domo.com/learn/article/cloud-data-platform,"Top platforms in 2026 include <strong>Domo, Snowflake, Databricks, Amazon Redshift, Google BigQuery, and Azure Synapse Analytics</strong>, each with distinct strengths for different workloads · Selection criteria should include data source compatibility, security ...",Reliable data platforms for ML,direct,100,Matches the user's domain and research interests,2026-10-04T19:33:59Z
blog,url:https://medium.com/@community_md101/the-ultimate-guide-to-choosing-the-right-data-platform-for-ai-innovation-5ffcf1d2ab99,The Ultimate Guide to Choosing the Right Data Platform for AI Innovation | by Modern Data 101 | Medium,,medium.com,,,https://medium.com/@community_md101/the-ultimate-guide-to-choosing-the-right-data-platform-for-ai-innovation-5ffcf1d2ab99,"The unified data platform foundation lets you build reliable Data Products that are guaranteed, reusable, and high-quality ingredients. Crucially, <strong>Lakehouse 2.0</strong> is built for Generative AI, natively integrating a vector database.",Reliable data platforms for ML,direct,100,Matches the user's domain and research interests,2026-10-04T19:33:59Z
blog,url:https://www.databricks.com/blog/data-warehouse-design,Practical Data Warehouse Design and Architecture Guide | Databricks Blog,,www.databricks.com,,,https://www.databricks.com/blog/data-warehouse-design,"Modern data warehouse architecture — in both cloud and on-premises forms — <strong>typically follows a three tier architecture structure that includes a data source layer, a storage layer, and a presentation layer</strong>.",Designing warehouses for analytics,direct,100,Matches the user's domain and research interests,2026-10-04T19:33:59Z
blog,url:https://www.matillion.com/learn/blog/data-warehouse-design,How to Design a Data Warehouse (the Right Way) in 2025,,www.matillion.com,,2025-06-11,https://www.matillion.com/learn/blog/data-warehouse-design,"- Blog - 06.11.2025 How to Design a Data Warehouse (the Right Way) in 2025 Data isn't part of your business—it is your business. It's an asset, competitive advantage, decision-maker, and brains behind your organization. Big data, generative AI, and real-time analytics are on the rise, and it's never been more important to strategically design a data warehouse ready to accommodate (and leverage) th",Designing warehouses for analytics,direct,100,Matches the user's domain and research interests,2026-10-04T19:33:59Z
blog,url:https://www.exasol.com/hub/data-warehouse/design-how-to-best-practices,Data Warehouse Design: Complete Guide for 2026,Mathias Golombek,www.exasol.com,,2026-03-31,https://www.exasol.com/hub/data-warehouse/design-how-to-best-practices/,"Data Warehouse Design: Complete Guide for 2026 Designing a data warehouse means translating business requirements into a reliable data architecture that enables consistent, fast, and governed analytics. The design phase defines how data is modeled, stored, and accessed, before any code or infrastructure is built. A well-planned design matters because it directly impacts speed, scalability, and dat",Designing warehouses for analytics,direct,100,Matches the user's domain and research interests,2026-10-04T19:33:59Z
